# {"t_start": 1687017264.059135, "env_id": "Ant-v2"} 
r,l,t
-388.592818,104,2.058518
-52.149892,24,2.080664
-142.699886,43,2.119198
-36.251632,14,2.132521
-84.644237,24,2.154989
-136.902324,33,2.184039
-49.643257,17,2.199152
-93.698809,31,2.226408
-541.002476,164,2.380279
-135.689932,35,2.41267
-165.586488,50,2.456852
-79.142869,29,2.482981
-48.094793,13,2.495064
-229.966872,85,2.57031
-84.520425,29,2.597102
-166.587393,43,2.63608
-416.565903,141,2.762469
-121.546711,33,2.793772
-263.01492,70,2.857686
-279.021968,96,2.942547
-128.930305,35,2.974471
-417.831214,121,3.083582
-125.408315,56,3.133138
-89.667085,21,3.152957
-324.673667,81,3.226523
-273.970759,77,3.297075
-61.820297,20,3.316078
-38.719859,15,3.330376
-252.575962,96,3.41544
-22.23797,13,3.428275
-130.498132,43,3.467892
-33.525802,11,3.478841
-245.972846,77,3.548108
-132.310445,47,3.589715
-43.476009,14,3.603251
-38.115964,18,3.620265
-2956.538038,1000,4.53438
-470.366579,138,4.659893
-2885.163168,1000,5.577591
-184.309134,72,5.642699
-99.203791,34,5.673669
-276.775046,104,5.767562
-51.27249,17,5.783054
-245.114593,62,5.838117
-31.991787,11,5.848537
-189.779642,64,5.907348
-159.974096,50,5.953609
-41.056967,13,5.966106
-414.473676,171,6.118115
-58.387789,22,6.13876
-3179.19262,1000,7.052894
-165.675885,57,7.105008
-251.229278,85,7.180239
-737.783267,246,7.401995
-68.733355,29,7.429028
-32.046873,15,7.443125
-45.050635,24,7.468439
-32.727545,18,7.486498
-85.65542,29,7.513166
-98.218907,29,7.540389
-135.0083,47,7.582348
-43.582111,18,7.598377
-2985.428685,1000,8.667044
-166.396715,67,8.740463
-113.931927,40,8.785288
-27.130162,8,8.794786
-161.289804,53,8.853419
-43.073416,17,8.873004
-49.952419,18,8.89363
-94.36857,25,8.921128
-169.842108,78,9.005239
-2959.748368,1000,10.126156
-162.985724,46,10.176142
-48.208312,11,10.189139
-137.084964,41,10.235271
-2998.860451,1000,11.236567
-361.823257,115,11.343207
-57.493458,19,11.360898
-2939.114654,1000,13.94896
-99.128647,29,13.975643
-95.354022,23,13.996543
-624.629679,236,14.205699
-86.875568,36,14.238461
-153.708546,55,14.288663
-197.412759,53,14.33455
-159.203497,66,14.393116
-69.378341,30,14.420984
-2994.604401,1000,15.32767
-90.598544,28,15.353836
-66.098338,24,15.38049
-255.764203,77,15.451371
-141.288436,55,15.499715
-166.938491,57,15.550628
-342.748694,121,15.658649
-23.28838,12,15.669533
-234.553559,62,15.728
-136.587205,58,15.780185
-168.734389,46,15.821417
-121.83859,51,15.867513
-197.406872,69,15.927568
-46.783772,17,15.94395
-186.456155,47,15.986112
-82.422156,37,16.019279
-236.009776,103,16.111389
-146.356904,47,16.152462
-135.035526,45,16.193545
-251.230282,98,16.282655
-42.260164,15,16.296777
-209.438696,62,16.35224
-60.955021,18,16.369302
-254.146616,85,16.444239
-120.189866,44,16.483603
-247.831857,74,16.550257
-34.646844,11,16.560477
-54.093345,15,16.574066
-27.380511,15,16.587501
-315.834824,123,16.698175
-68.911028,28,16.72436
-156.290161,61,16.778977
-58.085014,23,16.801322
-72.504269,21,16.820693
-127.886405,41,16.857177
-56.713401,21,16.876324
-175.846464,57,16.926764
-260.768664,59,16.980108
-133.157474,42,17.016496
-115.280191,50,17.060211
-91.558252,27,17.085749
-3023.895568,1000,17.988339
-50.168698,18,18.005708
-36.200684,11,18.016221
-106.968524,28,18.041857
-37.247593,13,18.053912
-2819.762947,1000,18.961098
-82.743521,32,18.991335
-90.702984,35,19.023423
-267.33694,85,19.097955
-115.237548,39,19.1329
-129.240099,35,19.164683
-59.678836,18,19.181743
-438.412187,173,19.335484
-40.124054,17,19.351428
-179.963712,57,19.402793
-190.657985,69,19.465069
-289.805678,95,19.548694
-42.209317,16,19.563546
-45.107468,15,19.57775
-77.780003,35,19.609088
-78.357245,29,19.635801
-362.872337,136,19.755146
-291.651701,104,19.848613
-51.377701,25,19.871767
-333.761569,134,19.991315
-2945.853485,1000,20.896523
-100.431838,29,20.92361
-129.192219,44,20.962737
-113.87824,25,20.985357
-41.578987,16,21.000555
-194.49657,55,21.05014
-57.150884,20,21.067807
-48.84045,19,21.084874
-151.638637,51,21.130535
-220.249661,72,21.195167
-120.041426,59,21.248096
-156.814628,65,21.305887
-58.284664,13,21.318049
-50.120723,16,21.333898
-41.880323,18,21.350626
-83.721127,22,21.370983
-56.600567,23,21.392242
-180.249732,59,21.444676
-367.973815,136,21.563219
-155.941347,45,21.604585
-94.632061,28,21.630222
-3028.454531,1000,23.588484
-280.293479,105,23.680628
-213.298264,68,23.742225
-108.739326,41,23.777584
-75.149031,25,23.800936
-183.716039,60,23.854628
-125.428958,43,23.893314
-75.365938,25,23.916379
-136.661098,40,23.95263
-132.808896,51,23.997494
-54.283877,18,24.014164
-131.215139,34,24.044792
-98.492732,43,24.083392
-175.53523,62,24.139086
-53.169607,15,24.153363
-95.059314,32,24.182402
-36.496532,17,24.198131
-112.44572,43,24.235764
-2771.710116,1000,25.138217
-48.649769,17,25.154659
-108.549967,24,25.176532
-25.394435,10,25.186161
-142.723776,54,25.23454
-202.100917,71,25.299069
-215.682213,71,25.361964
-207.796624,59,25.414572
-67.266183,29,25.441532
-133.320035,38,25.476154
-28.840001,11,25.486841
-246.97111,83,25.561192
-87.339019,29,25.587652
-29.590419,12,25.599149
-170.851545,57,25.650609
-70.413878,22,25.671106
-187.408278,60,25.725842
-74.417532,37,25.760013
-79.630607,33,25.78882
-131.204581,39,25.823545
-232.374018,91,25.903289
-100.180789,45,25.966527
-48.048297,12,25.977462
-54.348366,35,26.00801
-67.642901,24,26.0334
-73.561323,33,26.064414
-109.384437,39,26.100504
-174.377423,75,26.168361
-239.795487,92,26.25101
-215.274924,66,26.309693
-29.056053,12,26.320982
-93.767688,31,26.349627
-65.029285,21,26.36916
-40.697365,17,26.385684
-64.758294,36,26.41883
-156.556597,63,26.473052
-293.567051,75,26.540879
-41.765321,16,26.556167
-42.142607,12,26.567551
-2968.099275,1000,27.473432
-72.582464,43,27.512615
-167.937132,61,27.567711
-365.646927,142,27.693056
-104.579778,41,27.730048
-39.862411,15,27.744398
-197.388832,63,27.800834
-143.978371,51,27.845393
-123.2243,37,27.878996
-376.570927,115,27.983224
-144.69426,64,28.041488
-44.691019,23,28.062449
-44.920918,12,28.073804
-139.521548,43,28.112238
-169.559427,69,28.173834
-346.627215,106,28.267856
-106.479191,40,28.30393
-29.558001,16,28.319447
-137.368193,39,28.354646
-471.656713,149,28.487156
-231.135111,70,28.548547
-249.234051,88,28.626496
-98.742926,32,28.655993
-81.504912,23,28.677137
-126.675992,33,28.706419
-47.077896,22,28.725907
-358.749622,92,28.808117
-132.724466,52,28.856075
-56.679664,23,28.877426
-554.02423,178,29.033957
-71.873445,21,29.053416
-67.298172,26,29.077384
-106.350829,42,29.115845
-131.176463,49,29.159521
-262.656736,69,29.219768
-144.491876,46,29.261361
-75.672988,43,29.301075
-289.845757,97,29.40269
-67.842027,24,29.428857
-110.554806,55,29.489674
-214.096375,77,29.574605
-2834.215595,1000,30.70355
-60.124681,15,30.721409
-51.052081,21,30.745163
-74.63556,29,30.777279
-113.938597,34,30.81586
-332.281513,101,30.928496
-71.813173,29,30.959555
-2929.63716,1000,31.961395
-58.176225,38,31.997378
-64.593896,32,32.026652
-221.850359,66,32.086326
-116.180764,48,32.129542
-186.235239,67,32.189919
-214.622502,88,32.270567
-140.313641,43,32.310101
-113.129142,39,32.345312
-30.800512,10,32.355438
-210.378413,62,32.412278
-2857.388076,1000,34.446398
-129.276259,45,34.48881
-111.162095,42,34.528353
-85.447136,25,34.550918
-60.899069,22,34.570674
-54.908296,23,34.591722
-70.872514,23,34.61342
-58.566279,22,34.633998
-42.98441,18,34.650884
-109.825502,40,34.687315
-107.611931,41,34.725195
-50.23331,29,34.751756
-162.527528,48,34.795273
-31.882274,14,34.808154
-278.543148,95,34.893993
-225.064611,87,34.972787
-163.724626,52,35.019192
-199.033122,68,35.08081
-244.566728,104,35.176739
-75.845054,43,35.216094
-81.473615,36,35.248964
-59.575603,27,35.273756
-88.487182,41,35.31143
-71.951186,22,35.332259
-55.228185,20,35.351043
-52.949178,21,35.370742
-79.621904,36,35.404176
-41.387406,12,35.415615
-53.842347,25,35.439118
-2889.014847,1000,36.385947
-97.925562,32,36.416085
-169.182004,66,36.477524
-51.14989,22,36.498436
-97.635558,33,36.529335
-108.751019,38,36.564443
-387.1053,108,36.661206
-143.967777,54,36.710618
-424.027293,154,36.850415
-434.316376,152,36.991219
-75.51636,21,37.01128
-217.602319,92,37.094504
-108.16184,29,37.121826
-256.604786,77,37.194441
-37.975664,14,37.209029
-227.319739,96,37.301663
-156.933663,48,37.346553
-305.977105,104,37.442773
-110.88265,58,37.49594
-303.497748,98,37.584646
-323.782209,112,37.698159
-68.250948,21,37.719937
-99.839789,32,37.752099
-232.461769,86,37.837832
-120.539167,33,37.870849
-115.821844,48,37.915897
-194.124299,63,37.973185
-172.691961,67,38.03465
-55.480225,23,38.056763
-126.523513,49,38.102701
-73.052416,18,38.120216
-169.740332,41,38.157389
-74.138935,16,38.172181
-139.445025,57,38.224687
-78.397354,48,38.270521
-92.813602,31,38.299598
-157.063759,40,38.337234
-144.124367,50,38.383089
-250.513539,83,38.458064
-88.19983,29,38.485166
-242.552569,103,38.579428
-59.167945,18,38.596232
-168.58694,51,38.641286
-151.881792,57,38.694497
-56.523241,31,38.723674
-64.258409,39,38.759339
-165.139565,53,38.809396
-32.61865,10,38.819264
-195.171665,81,38.892241
-190.228918,72,38.957747
-133.533801,54,39.007364
-39.096287,14,39.021215
-79.751536,31,39.04956
-59.922741,27,39.07385
-110.149006,40,39.110969
-139.571768,51,39.158691
-198.616828,67,39.22047
-2846.217124,1000,40.154602
-76.417663,24,40.176884
-64.767244,18,40.193699
-76.012355,22,40.213844
-210.080809,70,40.276481
-109.614199,47,40.320743
-175.584163,62,40.379699
-2768.769235,1000,41.312641
-286.350862,93,41.401284
-61.248359,20,41.420469
-42.657795,22,41.441151
-104.648931,31,41.470082
-82.264438,31,41.499147
-283.97723,110,41.599478
-362.505635,109,41.704715
-2729.436833,1000,42.873369
-71.31248,38,42.916465
-33.504626,8,42.926428
-92.764867,48,42.979791
-151.74453,53,43.040006
-49.567903,23,43.066931
-233.425554,74,43.149791
-97.164329,37,43.191087
-173.400913,54,43.25286
-72.387808,32,43.290713
-66.689163,26,43.321272
-85.987074,26,43.351195
-50.527636,22,43.376689
-353.655015,155,43.550185
-196.519916,75,43.633172
-69.134865,30,43.668289
-160.341728,50,44.842488
-73.614349,27,44.868151
-241.890027,72,44.933352
-315.32075,121,45.042604
-176.831585,54,45.09281
-81.170608,17,45.108526
-85.480702,35,45.141404
-36.900053,16,45.156502
-160.260663,68,45.218056
-132.792123,58,45.271314
-102.277769,43,45.311513
-58.869194,27,45.337511
-218.853111,88,45.41577
-55.94858,16,45.431478
-111.877639,34,45.463308
-82.75185,32,45.493203
-231.116783,92,45.576732
-71.295662,28,45.602926
-236.282337,91,45.684898
-155.799081,44,45.725253
-142.754063,54,45.775542
-120.370879,39,45.81145
-163.403147,56,45.861014
-34.814963,20,45.880304
-67.869323,24,45.902932
-88.693714,27,45.928492
-68.760024,29,45.955642
-62.095083,19,45.97359
-60.960993,21,45.99393
-140.087222,45,46.035607
-44.245977,14,46.048855
-51.215923,13,46.061486
-27.651268,13,46.073818
-43.845637,15,46.088315
-132.701074,39,46.12418
-81.446439,25,46.147693
-288.146319,119,46.255955
-175.906399,85,46.332279
-54.348507,18,46.349663
-131.212843,35,46.382825
-135.892424,54,46.432433
-2779.112525,1000,47.357102
-132.674211,45,47.398428
-104.573868,32,47.427782
-121.490183,54,47.47694
-41.014858,14,47.490865
-152.8964,54,47.540782
-49.885261,20,47.559811
-38.812601,14,47.572909
-46.259573,13,47.585391
-255.481073,85,47.660523
-44.091664,22,47.681098
-218.404993,87,47.761413
-116.317798,40,47.799188
-90.426818,27,47.824499
-139.22144,39,47.860978
-238.415632,86,47.938102
-53.511308,13,47.950778
-139.069723,67,48.012632
-132.803062,37,48.047672
-50.348165,13,48.060055
-173.547081,53,48.106434
-59.67898,19,48.124675
-114.295997,35,48.157393
-265.931166,93,48.243415
-44.836057,24,48.266208
-69.809152,19,48.284148
-157.308355,53,48.332555
-142.880075,49,48.376298
-57.508167,18,48.393419
-51.426141,16,48.408884
-146.297445,47,48.45183
-81.217222,31,48.4815
-48.377869,14,48.495137
-66.833404,18,48.512223
-145.696177,61,48.565743
-103.742591,37,48.600224
-81.00029,26,48.624763
-34.848143,15,48.639361
-33.734471,15,48.653574
-172.552588,47,48.69715
-51.84759,22,48.717562
-61.846705,17,48.734056
-444.4279,162,48.878682
-248.874709,92,48.962856
-188.23828,71,49.026558
-49.161477,15,49.041243
-149.879802,57,49.093962
-76.48434,23,49.115614
-199.303287,54,49.166214
-96.21415,25,49.189544
-31.982913,13,49.201982
-102.752647,37,49.235605
-197.124715,61,49.290738
-119.550878,50,49.337241
-105.382683,39,49.374323
-103.206332,37,49.408815
-191.430524,56,49.458347
-75.163776,25,49.48178
-2803.753327,1000,50.406605
-2689.666548,1000,51.33524
-235.164614,65,51.396063
-192.759172,56,51.448387
-2416.320676,878,52.258892
-36.300551,11,52.269945
-50.116889,20,52.288769
-265.266203,97,52.377256
-78.361588,28,52.403157
-103.23297,35,52.435183
-158.28277,54,52.484308
-77.549668,19,52.502628
-84.524871,21,52.522932
-113.398399,42,52.561302
-115.23791,33,52.590754
-97.182386,31,52.619889
-47.128773,19,52.638246
-98.107948,30,52.666718
-82.218268,26,52.69123
-103.289194,34,52.72273
-106.306599,38,52.758474
-95.161968,39,52.795147
-38.629627,20,52.814178
-91.345803,38,52.84883
-2767.329979,1000,53.774601
-248.481734,114,53.878834
-49.695249,15,53.893356
-92.361405,38,53.932953
-167.399577,71,54.012948
-81.015819,28,54.045611
-110.618377,30,55.202468
-71.650767,30,55.230655
-118.411077,47,55.273385
-205.016427,60,55.327196
-74.754009,33,55.358521
-67.149712,24,55.381347
-46.124984,18,55.398566
-2873.209998,1000,56.321712
-54.840217,23,56.343656
-117.533433,46,56.386689
-88.468942,29,56.413349
-78.511713,56,56.46427
-62.919399,17,56.480829
-75.864746,18,56.498031
-46.213703,16,56.513519
-43.115924,20,56.532687
-80.70687,22,56.553744
-197.337177,90,56.635145
-87.134835,27,56.659518
-108.717143,27,56.684772
-98.179705,32,56.714807
-268.499047,70,56.779376
-64.012828,28,56.805967
-116.925063,69,56.869118
-117.768725,42,56.90787
-49.917749,13,56.920551
-45.410831,13,56.933601
-100.606082,30,56.961388
-118.793088,40,56.99823
-26.629348,14,57.011611
-21.953613,11,57.022328
-2755.758447,1000,57.951383
-92.626417,37,57.984618
-162.506406,43,58.023963
-380.638224,132,58.146553
-268.995159,108,58.244682
-63.677268,27,58.269713
-2911.43421,1000,59.198822
-68.832765,29,59.226305
-2753.248217,1000,60.14952
-28.233196,15,60.164268
-315.109775,139,60.288997
-242.025318,94,60.375895
-2800.669296,1000,61.299883
-50.290657,17,61.31612
-89.730104,31,61.345602
-140.929473,56,61.396427
-16.275736,8,61.404568
-191.699648,62,61.461034
-188.417979,44,61.502333
-103.014832,32,61.532734
-50.720466,17,61.549383
-92.157345,26,61.573049
-197.819355,69,61.634931
-40.349386,15,61.649593
-96.962788,46,61.692098
-227.972473,82,61.767419
-80.126166,43,61.806851
-84.18344,33,61.838306
-236.344523,86,61.916511
-404.615175,187,62.084574
-253.832446,91,62.169145
-263.744845,96,62.25792
-44.081091,30,62.285133
-118.239441,32,62.314636
-66.359211,23,62.336206
-337.684947,125,62.450268
-48.868925,24,62.472134
-91.389641,23,62.492986
-106.487491,35,62.525445
-1002.966556,380,62.872014
-35.563132,18,62.889828
-115.798494,48,62.93259
-75.093823,38,62.966766
-35.156703,12,62.978689
-51.981127,17,62.995361
-68.887717,34,63.02708
-144.499558,57,63.080049
-86.658571,30,63.107926
-88.187277,40,63.145327
-540.254521,230,63.35662
-63.848094,25,63.379905
-28.100206,16,63.394563
-95.397869,34,63.426122
-127.647678,41,63.464314
-224.914306,98,63.555532
-73.156874,24,63.577976
-59.010477,24,63.600547
-196.539266,83,63.67606
-54.547799,22,63.696718
-123.334052,35,63.729629
-339.926906,111,63.830217
-57.417105,21,63.849412
-50.906775,17,63.865773
-45.288056,13,63.878322
-81.977251,27,63.903813
-148.250937,48,63.948303
-2690.676511,1000,65.979477
-2622.127294,1000,66.906532
-39.618316,16,66.922386
-2592.270362,1000,67.848639
-82.283696,28,67.87383
-25.111609,15,67.887883
-2759.495879,1000,68.818291
-2803.924333,1000,69.74286
-99.388947,37,69.776363
-140.116751,48,69.819753
-223.613507,98,69.907126
-36.688853,18,69.923709
-60.719442,19,69.941312
-188.327529,76,70.008958
-171.071506,77,70.079007
-21.15304,11,70.089419
-53.93279,19,70.106214
-2779.182457,1000,71.009505
-101.044566,47,71.054349
-73.724088,32,71.083855
-98.224905,36,71.116471
-55.343664,21,71.136009
-63.749912,26,71.16019
-25.954103,12,71.171486
-71.583721,35,71.202863
-230.891355,73,71.268305
-162.115205,59,71.320732
-2684.195304,1000,72.224344
-113.469732,39,72.259393
-74.258466,25,72.282305
-224.837105,84,72.358228
-63.296797,19,72.37511
-2598.839622,1000,73.287056
-41.924827,23,73.308497
-231.741635,69,73.371596
-32.895031,16,73.386814
-87.565959,41,73.423737
-122.518181,45,73.464369
-71.803052,27,73.488808
-88.797973,34,73.519816
-2784.896114,1000,74.424994
-141.571635,53,74.472997
-60.491375,21,74.492954
-37.193087,21,74.512591
-241.291024,100,74.602909
-39.271105,18,74.61935
-279.578387,99,75.774855
-242.251422,83,75.84893
-79.168322,29,75.875325
-71.284728,26,75.899451
-72.969933,21,75.919382
-64.748785,23,75.941081
-209.438042,89,76.0188
-2574.164626,1000,76.921457
-30.953539,20,76.940517
-197.815986,95,77.026219
-104.95631,38,77.060715
-91.19524,46,77.101411
-88.222151,32,77.130516
-71.507674,26,77.154441
-123.999435,41,77.191877
-207.007989,73,77.25781
-459.01971,185,77.420535
-42.375464,21,77.439943
-215.546068,86,77.517445
-33.00802,12,77.528764
-53.209284,16,77.54382
-56.807462,24,77.565667
-57.633541,14,77.578984
-780.588585,280,77.827013
-365.069221,139,77.954974
-2635.554314,1000,78.882345
-161.367983,76,78.952221
-43.264965,15,78.966614
-31.541012,15,78.98114
-145.281702,62,79.039393
-91.262812,49,79.086083
-49.477313,15,79.100165
-128.675511,40,79.135914
-40.708031,15,79.150481
-110.700777,37,79.185695
-292.482715,101,79.279561
-76.969785,28,79.306878
-214.963799,74,79.377287
-76.608742,24,79.40066
-151.651049,62,79.458507
-137.095039,69,79.524444
-2714.936108,1000,80.456291
-299.39876,111,80.560219
-106.748702,51,80.608653
-85.007383,33,80.639823
-49.967927,20,80.659598
-72.823501,31,80.68839
-40.907532,19,80.706582
-83.005685,25,80.729871
-27.529699,12,80.741674
-293.617945,102,80.835899
-71.439265,27,80.861957
-61.345347,19,80.879884
-92.117629,34,80.911495
-204.2238,81,80.987001
-69.084512,31,81.016767
-2697.829318,1000,81.963511
-59.763688,32,81.994105
-347.078993,131,82.112303
-233.268836,75,82.180661
-31.46785,10,82.190365
-157.037318,56,82.242406
-105.586192,44,82.284002
-207.269638,63,82.342225
-54.367294,21,82.362516
-359.714907,140,82.490332
-68.771159,29,82.516918
-140.912334,55,82.56695
-2623.778379,1000,83.487278
-425.500333,148,83.620911
-73.201322,28,83.646181
-111.289805,43,83.685877
-122.32952,43,83.725772
-62.735066,34,83.757401
-50.566984,19,83.775109
-141.718881,51,83.822073
-51.251233,25,83.845415
-296.776246,107,83.942119
-200.460988,95,84.028496
-146.33111,55,84.077426
-69.230636,25,84.100646
-2652.258087,1000,86.122151
-360.190415,112,86.228777
-40.927598,14,86.243252
-162.998702,63,86.305259
-2605.307296,1000,87.22755
-113.04109,64,87.28481
-28.443658,13,87.297225
-67.245943,23,87.318614
-396.880563,158,87.460492
-2341.617087,947,88.310401
-127.05282,43,88.349978
-124.024509,40,88.385729
-81.270622,25,88.408227
-171.372774,74,88.474262
-176.29188,62,88.531805
-71.096423,18,88.548927
-60.881983,21,88.567652
-99.393103,44,88.607474
-151.745367,70,88.67239
-38.753911,21,88.691809
-2567.01566,1000,89.609485
-244.661152,85,89.687019
-122.088599,56,89.737001
-98.847889,34,89.768271
-343.015958,100,89.858716
-22.567641,15,89.873193
-43.263775,14,89.886147
-2743.658525,1000,90.809226
-381.470524,134,90.929533
-347.592198,127,91.046247
-121.081865,51,91.092072
-58.103617,23,91.113226
-62.483489,27,91.138306
-108.64591,52,91.185442
-11.594491,16,91.201235
-60.458449,39,91.23749
-247.195937,103,91.329329
-94.443421,32,91.359622
-88.97092,39,91.39515
-2565.426012,1000,92.311096
-28.804655,26,92.335883
-95.721515,30,92.363456
-35.377997,14,92.377125
-78.307125,25,92.399551
-27.155262,12,92.41107
-101.022423,31,92.439926
-257.959938,90,92.521334
-101.942223,54,92.570839
-98.124198,39,92.605501
-164.027903,72,92.669274
-136.979556,67,92.731132
-70.33313,26,92.756135
-45.877963,33,92.786811
-96.134571,37,92.821344
-187.855383,59,92.874195
-453.017946,156,93.014165
-361.332815,122,93.123415
-304.880713,92,93.207571
-85.944625,33,93.237408
-214.00466,74,93.30448
-107.665125,55,93.354175
-197.898264,61,93.409355
-279.567051,125,93.519751
-17.658668,14,93.532546
-718.754932,258,93.765479
-104.144155,40,93.801979
-30.004967,13,93.814609
-69.71547,30,93.842628
-54.33557,23,93.863991
-145.221505,61,93.920731
-2598.286912,1000,95.026558
-144.403197,52,95.084952
-51.344622,28,95.116165
-267.130341,95,95.220209
-2717.225335,1000,97.279835
-114.078338,50,97.325228
-93.971217,46,97.367543
-114.081322,60,97.420675
-123.069592,59,97.473306
-2496.666667,1000,98.392718
-96.596487,29,98.420783
-163.712466,47,98.461893
-59.64459,24,98.483546
-257.829161,103,98.576829
-56.855617,21,98.596567
-95.040983,48,98.640371
-2531.048572,1000,99.552001
-79.017338,31,99.580108
-106.125832,76,99.648871
-2622.276211,1000,100.56625
-251.766534,95,100.651236
-35.57073,16,100.666393
-79.588664,30,100.693365
-25.434442,13,100.705269
-196.0802,77,100.773914
-76.116917,41,100.811893
-591.07693,213,101.002803
-80.112038,24,101.025327
-57.082331,36,101.058102
-54.367884,21,101.077656
-150.909414,50,101.12357
-147.105756,54,101.17007
-80.566173,43,101.209446
-417.94234,195,101.391244
-30.9697,18,101.411305
-113.105353,23,101.436922
-223.580398,87,101.532385
-34.24652,13,101.547938
-154.970127,65,101.617265
-167.922661,67,101.691989
-130.733652,52,101.751246
-370.203169,155,101.925892
-29.235914,14,101.94194
-155.406081,58,102.006085
-48.404879,19,102.028183
-105.129478,31,102.061279
-106.319234,43,102.1088
-154.623581,47,102.161255
-72.083528,34,102.20003
-134.575304,36,102.239591
-45.686286,27,102.270388
-195.379815,73,102.352434
-66.825164,28,102.386707
-69.618313,26,102.4183
-2570.890328,1000,103.529315
-43.767119,11,103.542514
-43.362361,27,103.572661
-122.695988,44,103.6209
-54.334582,18,103.641053
-45.063619,20,103.663581
-64.377333,24,103.689766
-89.328805,20,103.71178
-313.004394,105,103.826713
-40.221427,19,103.847715
-2497.076016,1000,104.969161
-63.127006,24,104.995826
-45.116994,12,105.009589
-354.383118,158,105.182273
-38.764838,17,105.200795
-512.027246,193,105.419005
-103.728947,42,105.464468
-119.266539,37,105.505809
-117.75804,43,105.552929
-151.879088,70,105.629863
-53.466096,17,105.648359
-100.034919,64,105.718389
-349.622053,122,105.852194
-84.28747,43,105.898812
-321.608149,112,106.020784
-53.774489,17,106.040401
-50.642976,23,106.065722
-67.487806,33,106.100646
-105.289881,52,106.15693
-2545.599764,1000,108.244614
-40.231366,16,108.259626
-68.505543,30,108.287448
-239.714021,95,108.371097
-51.269718,21,108.390708
-32.641237,18,108.407632
-119.948966,33,108.437541
-204.153932,66,108.496642
-2469.837839,1000,109.399975
-151.319592,54,109.448862
-323.693894,123,109.557435
-81.753688,29,109.583742
-34.350267,14,109.596912
-176.738219,43,109.635471
-382.896314,173,109.787206
-141.859375,64,109.844425
-228.77213,74,109.91106
-205.614532,89,109.988259
-109.329717,51,110.034044
-111.445291,42,110.072792
-21.927396,12,110.084578
-51.785863,20,110.103245
-255.324369,88,110.179436
-184.067001,68,110.240782
-83.051447,39,110.282927
-88.260947,43,110.331422
-153.681836,60,110.397954
-2755.751934,1000,111.513906
-115.727056,40,111.558619
-131.245417,54,111.618595
-51.332898,14,111.634573
-69.634333,30,111.668447
-53.097696,22,111.693711
-221.944149,86,111.786199
-169.310172,81,111.875874
-83.793893,24,111.903186
-173.708851,62,111.969175
-38.840331,15,111.986609
-55.880706,25,112.015313
-26.808516,18,112.035408
-469.544903,219,112.273019
-85.568753,20,112.295165
-133.215243,56,112.360601
-197.052019,59,112.423103
-59.069031,30,112.456669
-293.914835,104,112.574502
-112.982396,49,112.627747
-25.426661,12,112.641433
-2504.285138,1000,113.759777
-59.556676,25,113.788242
-166.633214,38,113.830593
-137.899108,59,113.895945
-51.765358,14,113.911908
-289.525896,135,114.056545
-416.600741,140,114.206663
-244.049208,77,114.289653
-128.260218,61,114.358033
-21.664416,16,114.376209
-2499.207679,984,115.475029
-144.312784,53,115.534239
-587.821321,246,115.801193
-47.684725,18,115.822068
-117.187017,40,115.866728
-194.691216,75,115.950174
-70.57275,29,115.982042
-145.052607,58,116.044493
-113.934674,49,116.099307
-58.647136,26,116.128953
-231.316736,100,116.238603
-64.737314,25,116.266427
-153.721237,81,116.35468
-113.781582,50,116.41126
-211.683118,92,116.510902
-388.241658,129,116.653953
-69.459146,30,116.68644
-71.395243,22,116.710806
-103.313542,71,116.788454
-91.389458,31,116.823065
-90.77906,28,116.854667
-134.113479,64,116.922487
-58.065881,21,116.946186
-51.919807,18,116.96668
-134.625513,54,117.027308
-188.905129,72,117.107208
-243.070897,74,117.186209
-165.598538,88,117.282479
-79.559809,46,117.333826
-45.260009,13,117.348062
-134.346052,60,117.41486
-45.60025,17,117.434337
-37.563694,12,117.448417
-299.486561,120,117.579817
-98.832093,44,117.62729
-33.926985,14,117.643414
-52.412637,24,117.670229
-31.55995,25,117.69836
-146.844966,53,117.757009
-127.620554,36,117.796907
-84.307457,33,117.831683
-249.147923,96,117.938515
-414.440879,177,118.131915
-88.243771,35,118.170385
-60.37091,22,118.195465
-155.40132,70,119.33997
-30.834876,14,119.354314
-101.468666,61,119.407991
-38.063579,12,119.419722
-61.387578,25,119.442348
-111.527676,33,119.472338
-104.100148,34,119.503472
-200.045412,75,119.570385
-43.166604,22,119.590056
-134.09407,40,119.624651
-145.048389,48,119.668149
-2594.247517,1000,120.570185
-147.690797,53,120.618476
-133.672798,51,120.664586
-97.635628,23,120.686061
-2400.507563,1000,121.58939
-98.875297,36,121.622779
-62.014307,24,121.644173
-86.97092,30,121.670952
-171.000304,51,121.716651
-53.676899,24,121.739067
-302.511774,119,121.845014
-98.675708,28,121.869573
-36.391793,14,121.88277
-28.661024,13,121.895201
-547.979961,227,122.103983
-319.816869,139,122.255157
-2451.595299,1000,123.385329
-42.325287,25,123.414341
-11.343352,19,123.435065
-95.195007,36,123.474215
-74.344278,32,123.509277
-141.305283,70,123.586489
-291.401491,129,123.727607
-79.396157,31,123.763262
-2389.09966,1000,124.878174
-159.109295,55,124.93876
-75.681474,31,124.973577
-42.787043,13,124.988186
-381.694392,184,125.189071
-145.447897,40,125.23313
-73.944519,39,125.275339
-275.850172,93,125.377438
-23.91317,11,125.390778
-115.100171,52,125.446307
-493.075837,200,125.666464
-354.001724,120,125.794841
-37.982647,18,125.815942
-89.905478,37,125.856323
-456.328901,173,126.043875
-90.634392,36,126.083895
-28.444853,12,126.097438
-155.07956,53,126.154659
-133.01126,43,126.201385
-119.280834,61,126.268613
-63.833238,29,126.301623
-99.536738,48,126.353328
-27.319883,14,126.368891
-184.802909,86,126.464993
-33.692797,16,126.483872
-2465.584658,1000,127.607092
-1577.904629,621,128.30291
-178.954542,106,128.419323
-26.798036,11,128.432302
-141.774199,53,128.492084
-103.65631,31,128.527324
-161.107135,65,128.597423
-189.194013,72,128.674497
-101.80236,31,128.709138
-403.467345,170,128.897097
-290.717581,108,129.015418
-66.968055,29,129.045957
0.383983,19,129.066826
-122.433322,53,129.12499
-57.042401,32,129.161272
-97.29902,32,129.197087
-25.012527,7,129.205467
-24.2538,13,129.220376
-2544.164268,1000,131.313488
-25.335067,20,131.331852
-33.168487,14,131.344649
-181.809788,79,131.416164
-220.70398,67,131.476516
-274.242888,110,131.573881
-84.819799,27,131.598989
-197.323445,68,131.659965
-36.895949,25,131.683324
-26.225119,14,131.697059
-57.95126,18,131.713821
-49.510301,26,131.736631
-117.311584,62,131.791058
-150.382275,61,131.846408
-50.288191,28,131.872249
-152.467301,59,131.925599
-45.395389,21,131.944707
-85.881226,38,131.978727
-161.587716,77,132.046833
-90.215357,39,132.082162
-152.519013,50,132.127935
-61.926876,21,132.147428
-65.470441,30,132.17405
-44.014984,16,132.188651
-127.377008,59,132.240257
-70.052612,27,132.26522
-66.925526,33,132.295513
-395.698617,173,132.450038
-42.471381,18,132.466838
-12.049948,9,132.475955
-40.456154,30,132.503723
-156.836024,67,132.563665
-262.656812,113,132.662962
-59.576555,25,132.686558
-2405.952845,1000,133.604052
-66.10093,36,133.637268
-231.072965,108,133.735579
-137.359577,69,133.796014
-44.41848,20,133.814945
-125.22532,38,133.849753
-45.425927,22,133.870303
-149.576051,62,133.926316
-112.445749,48,133.969325
-174.214846,58,134.020011
-444.468326,198,134.2012
-24.182367,12,134.212736
-33.064725,11,134.222926
-375.362961,140,134.345316
-56.663365,31,134.374053
-66.815418,29,134.400897
-37.113027,19,134.418107
-84.118684,30,134.444144
-119.300433,37,134.477628
-99.909621,39,134.512878
-40.531937,13,134.524769
-46.701903,22,134.545314
-45.750885,14,134.557977
-36.388549,18,134.574508
-239.249457,88,134.653915
-109.182416,45,134.693659
-141.900154,56,134.744121
-80.651426,38,134.778528
-101.687628,48,134.822728
-64.459357,25,134.846251
-38.375054,20,134.864588
-201.275809,106,134.956795
-122.194626,44,134.997483
-69.277471,34,135.028503
-91.878694,38,135.063749
-47.751196,20,135.082253
-115.936167,49,135.12588
-65.936064,28,135.151669
-52.549467,17,135.167721
-54.678948,21,135.187011
-16.011157,10,135.196517
-43.825354,14,135.21009
-2452.594981,1000,136.116482
-38.435892,11,136.127442
-47.930743,21,136.147136
-42.918762,19,136.164978
-80.844008,26,136.18927
-160.991507,59,136.241576
-148.250863,58,136.29314
-37.806828,21,136.313137
-63.306862,31,136.34208
-103.106004,40,136.37837
-65.342397,29,136.405061
-2551.47041,1000,137.30997
-93.322161,40,137.346162
-79.881387,31,137.37494
-148.34973,60,137.428314
-41.627045,33,137.458359
-52.055962,20,137.476955
-113.054183,41,137.514431
-2069.540393,838,138.273971
-214.684794,121,138.380387
-151.235233,49,138.425165
-202.361308,60,138.478791
-89.490041,32,138.506763
-295.381396,131,138.6254
-59.484646,26,138.649231
-148.369964,55,138.699463
-56.701273,20,138.718158
-127.290362,71,138.780963
-144.037554,44,138.820696
-51.025169,13,138.833284
-118.45469,44,138.874086
-114.488841,45,138.915866
-199.562948,74,138.980436
-71.929051,31,139.008355
-175.661294,55,139.058068
-30.783218,16,139.073288
-2563.687405,1000,141.046508
-69.499923,26,141.070781
-2330.626487,1000,141.976814
-248.917116,77,142.046159
-40.496789,15,142.060344
-150.281229,71,142.122609
-179.252496,83,142.197017
-156.245022,55,142.247416
-77.391943,21,142.266727
-35.300311,14,142.27988
-2272.645074,1000,143.265877
-273.982283,107,143.383247
-83.618298,35,143.421684
-68.990493,23,143.446331
-166.775209,68,143.521588
-145.008197,65,143.594964
-86.318567,38,143.637997
-143.412111,85,143.717125
-50.587178,13,143.730685
-2389.353861,1000,144.635241
-69.727836,24,144.657507
-28.952007,27,144.682378
-116.148437,50,144.728042
-24.787238,14,144.740778
-58.003829,16,144.755222
-176.776344,60,144.809008
-221.119765,61,144.864275
-66.774452,29,144.89113
-104.096501,38,144.925189
-34.483225,15,144.939148
-105.998024,39,144.974238
-184.45554,80,145.044657
-2443.042078,1000,145.955785
-209.317257,82,146.02849
-78.479286,27,146.053344
-58.873868,33,146.083592
-27.33616,12,146.095196
-229.678926,74,146.159322
-32.073422,15,146.17349
-2351.21808,1000,147.081433
-52.639063,20,147.100014
-58.054377,38,147.134729
-150.976077,47,147.177331
-39.708122,16,147.192146
-186.04074,76,147.260408
-26.763478,12,147.272248
-90.155824,37,147.305059
-31.357632,14,147.317983
-98.890492,36,147.350755
-49.836251,16,147.365825
-56.515214,28,147.39207
-2478.68734,1000,148.296361
-36.581839,11,148.307076
-75.036203,23,148.328218
-160.771184,67,148.387815
-149.968734,37,148.421008
-49.445602,19,148.438972
-2284.869112,1000,149.345711
-125.768712,53,149.39393
-51.655217,17,149.409921
-401.73495,147,149.539583
-154.220845,49,149.583578
-63.947331,25,149.606726
-29.324875,13,149.618964
-39.018902,28,149.644155
-24.411439,10,149.654114
-70.564143,52,149.701835
-115.241296,32,149.730319
-88.130869,42,149.767697
-126.342913,57,149.819802
-33.173355,16,149.835036
-47.990426,13,149.847171
-2537.964607,1000,151.830783
-115.946738,57,151.882776
-15.678063,11,151.893792
-37.053057,17,151.909538
-196.105345,80,151.980367
-384.632403,149,152.112828
-22.725059,15,152.12734
-192.602618,58,152.180434
-141.782075,46,152.221695
-80.500693,44,152.261801
-51.369832,14,152.275103
-151.7769,53,152.322876
-80.712329,34,152.35384
-160.200482,59,152.408361
-75.498539,23,152.428582
-96.222916,64,152.486045
-100.997047,36,152.51912
-224.980763,80,152.5912
-64.601074,20,152.609804
-273.99905,79,152.680684
-93.095153,35,152.711946
-178.608455,81,152.784869
-319.26681,121,152.892161
-1377.940903,591,153.425756
-196.423917,59,153.47949
-82.882707,33,153.509867
-96.26406,34,153.540658
-159.758323,55,153.589438
-90.55013,44,153.628891
-113.384801,44,153.667341
-50.22196,27,153.692729
-102.641095,53,153.741485
-27.338741,13,153.753213
-108.689537,42,153.789958
-46.306678,31,153.817701
-52.502064,13,153.830014
-35.880378,14,153.842943
-39.680664,14,153.856247
-21.416723,15,153.870071
-335.700136,138,153.994016
-139.457226,40,154.030321
-46.382841,20,154.048639
-125.216523,46,154.090832
-330.517167,132,154.208927
-282.213728,108,154.30462
-215.216939,55,154.355067
-89.145365,35,154.387119
-52.228337,28,154.413006
-71.562842,37,154.447178
-155.149234,70,154.510338
-65.243346,25,154.533443
-50.763146,21,154.5534
-177.772419,63,154.609691
-116.819565,63,154.666253
-40.274012,18,154.682538
-285.059267,124,154.793916
-66.862701,20,154.812582
-35.055954,14,154.825274
-169.022968,53,154.873806
-172.696701,75,154.940173
-96.938392,35,154.972168
-124.718773,41,155.010224
-2211.855541,865,155.80142
-177.18765,48,155.844037
-497.135468,198,156.026992
-104.085429,52,156.07778
-197.155215,64,156.139591
-198.133482,94,156.227763
-162.23442,53,156.27462
-134.480745,72,156.339294
-177.883115,47,156.381603
-105.890383,50,156.427696
-146.9855,54,156.476215
-50.562877,19,156.493044
-15.718883,13,156.504811
-78.180958,35,156.536721
-86.543751,27,156.561549
-76.334798,38,156.596233
-246.281822,93,156.680244
-220.655215,94,156.763198
-253.558802,87,156.841619
-50.476206,26,156.865899
-169.648122,64,156.922992
-107.134093,52,156.969251
-70.189378,39,157.005271
-293.917098,111,157.104692
-77.398337,31,157.133626
-40.347449,14,157.147308
-69.437261,36,157.181658
-61.333664,33,157.21424
-49.550473,20,157.234492
-256.238481,98,157.324944
-54.293569,18,157.341637
-52.79293,23,157.362556
-104.840221,39,157.39667
-83.376674,35,157.42807
-54.88831,30,157.461197
-41.899607,18,157.482124
-114.308629,42,157.529693
-183.971177,60,157.597136
-28.249678,10,157.608921
-63.112512,32,157.643789
-141.374325,52,157.700595
-142.074179,44,157.749124
-49.163391,36,157.789453
-56.445024,24,157.816875
-248.222243,102,157.936627
-128.265305,57,158.002307
-169.65091,86,158.095185
-129.01709,60,158.161714
-56.963042,18,158.182079
-216.602533,84,158.276607
-88.145416,51,158.332974
-181.694143,102,158.446416
-161.273771,67,158.521712
-24.511457,18,158.541944
-278.511301,126,158.679083
-133.114534,59,158.74357
-153.127949,44,158.791809
-17.224005,21,158.816222
-63.304249,30,158.850402
-45.801446,15,158.86727
-218.494253,80,158.95523
-97.465546,41,158.999907
-30.469225,22,159.024273
-220.31153,76,159.104117
-124.612084,58,159.156131
-100.439333,38,159.189459
-97.525326,34,159.219971
-82.653608,34,159.250961
-54.00923,23,159.273422
-120.105152,50,159.319942
-160.215107,72,159.384754
-145.452434,59,159.437366
-94.296071,42,159.474889
-51.674678,22,159.495904
-57.947182,29,159.522808
-118.6172,44,159.563724
-190.232377,84,159.639781
-103.713643,25,159.662486
-117.861549,38,159.698046
-168.336374,72,159.764161
-354.613155,134,159.883763
-45.217289,22,159.904018
-38.96196,38,159.938038
-120.277487,40,159.974381
-93.505337,34,160.005614
-213.591759,81,160.078507
-16.345277,9,160.087118
-71.373874,40,160.122874
-48.795563,29,160.15013
-137.116982,51,160.196686
-166.107862,89,160.277056
-58.29388,28,160.302444
-30.830232,14,160.316719
-174.649949,62,160.375123
-58.261845,24,160.397069
-106.202357,50,160.44227
-51.270067,33,160.472857
-104.419211,42,160.511993
-42.371776,13,160.523929
-157.570252,63,160.579262
-179.134462,75,160.647287
-48.194063,15,160.661312
-35.311918,16,160.67647
-17.246444,12,160.687714
-162.524726,67,161.805381
-86.38109,31,161.834133
-2364.060431,1000,162.74573
-142.277637,66,162.804322
-32.894663,14,162.817372
-42.01783,16,162.832414
-50.269724,42,162.869974
-149.252904,55,162.918968
-48.010278,28,162.944914
-26.534627,28,162.970288
-187.163939,74,163.037054
-114.044581,42,163.075045
-56.293745,19,163.092455
-35.130181,18,163.109274
-92.720004,43,163.147754
-49.275341,34,163.179125
-38.177624,30,163.207147
-65.724391,23,163.228095
-27.512756,16,163.242558
-82.424981,32,163.270709
-28.088322,15,163.284821
-96.785075,50,163.330312
-111.679841,65,163.38834
-172.176511,55,163.437624
-139.470738,55,163.485809
-65.888648,34,163.51653
-51.697108,19,163.53425
-114.203074,49,163.5787
-78.184064,29,163.60543
-137.982236,55,163.655383
-81.039851,36,163.68769
-67.380089,20,163.705288
-361.97931,156,163.844631
-190.621901,70,163.908765
-204.281457,99,163.996186
-2318.786474,1000,164.90158
-2234.729044,1000,165.803964
-56.043397,35,165.836265
-112.996913,29,165.863168
-76.536919,33,165.89394
-132.153167,48,165.936277
-253.711943,82,166.009336
-53.106962,17,166.025277
-98.807814,33,166.055106
-26.00083,12,166.066194
-44.723041,25,166.089557
-154.149785,69,166.151381
-53.908717,17,166.167168
-55.239184,50,166.211591
-28.012723,16,166.226393
-164.19548,72,166.290909
-40.615395,13,166.303237
-73.672236,41,166.340299
-49.346808,33,166.369182
-61.076244,23,166.389231
-286.627873,101,166.480067
-77.496831,31,166.508382
-110.202356,41,166.544791
-219.925682,92,166.626249
-82.256602,41,166.664036
-2423.142647,1000,167.569371
-107.725897,48,167.612693
-341.041976,161,167.754268
-162.458791,66,167.813305
-37.511439,15,167.82779
-79.327135,38,167.862217
-113.081632,49,167.906705
-44.333998,19,167.924458
-148.51878,49,167.968247
-69.547368,30,167.995435
-88.345838,57,168.046376
-61.550794,28,168.072687
-122.388754,45,168.113661
-104.438237,59,168.166514
-155.724014,45,168.205135
-27.663009,11,168.215392
-154.069237,71,168.278774
-150.721083,58,168.331523
-91.110668,30,168.358838
-170.199033,75,168.42664
-28.963327,14,168.439877
-248.018253,77,168.508126
-31.628305,14,168.521689
-108.120518,35,168.553282
-155.439457,53,168.601353
-101.662107,37,168.634282
-91.731428,43,168.672259
-75.334488,31,168.700348
-166.897664,81,168.773706
-58.052973,21,168.793376
-62.147022,25,168.816791
-267.874772,126,168.926789
-387.093674,132,169.044294
-93.644209,36,169.076279
-36.404784,15,169.089982
-39.070838,11,169.100376
-458.337871,167,169.249679
-2524.904441,1000,170.174854
-134.468549,60,170.241239
-110.028702,58,170.303992
-48.493097,20,170.326509
-48.843538,14,170.342679
-130.070017,45,170.392326
-59.19948,25,170.42123
-94.959952,56,170.480533
-2311.14627,1000,172.553621
-131.973667,64,172.616252
-2388.240674,1000,173.52132
-56.150222,19,173.539846
-109.55669,49,173.587795
-131.989926,62,173.6429
-179.208774,66,173.702854
-18.890071,11,173.713076
-51.189104,20,173.73126
-44.727253,15,173.74531
-114.736094,54,173.79496
-43.51696,20,173.813292
-119.223718,54,173.861738
-104.001446,42,173.899695
-26.044999,18,173.91633
-371.414264,127,174.030349
-174.953155,72,174.093094
-53.474926,21,174.112931
-26.090319,10,174.12237
-87.804846,34,174.153215
-24.198812,11,174.163555
-153.157367,77,174.23296
-363.952626,179,174.390605
-49.935207,17,174.410671
-147.586312,57,174.462475
-19.058715,12,174.473375
-31.486989,25,174.495725
-74.862438,36,174.527464
-258.490469,137,174.650135
-651.688769,247,174.874519
-115.594851,42,174.912641
-139.426842,58,174.96213
-105.314611,42,175.000256
-74.715777,24,175.022911
-2384.512887,1000,175.929389
-169.857567,73,175.996399
-254.143251,77,176.077202
-20.351259,16,176.095383
-80.14934,35,176.13475
-101.886923,50,176.190213
-369.526633,167,176.37075
-75.266174,61,176.438934
-201.77197,53,176.498755
-190.388241,83,176.587088
-49.286112,28,176.618641
-234.284274,94,176.721951
-1142.897236,480,177.254376
-181.42254,49,177.308555
-56.248335,24,177.33531
-51.31884,29,177.368065
-184.698151,51,177.424327
-294.179295,147,177.583974
-67.399672,19,177.60617
-185.26234,59,177.668484
-41.481894,27,177.699094
-163.003989,59,177.764228
-456.175844,159,177.937821
-166.017302,66,178.011222
-45.400234,15,178.028267
-326.373364,164,178.205161
-176.982667,77,178.291991
-98.014558,85,178.383321
-54.6206,19,178.405415
-34.11105,26,178.434707
-270.817909,108,178.552221
-56.731209,14,178.567948
-109.305362,66,178.641994
-36.444119,24,178.669731
-79.904108,37,178.711349
-40.423297,12,178.724802
-185.783962,62,178.792166
-42.914379,14,178.808341
-104.328241,66,178.880847
-109.529428,44,178.929957
-254.751056,104,179.04166
-186.781315,62,179.111122
-87.430082,44,179.160083
-98.451716,38,179.201988
-2288.352394,1000,180.324051
-158.857715,59,180.386947
-74.517898,37,180.428809
-2439.486258,1000,181.390353
-38.941235,21,181.41057
-55.6987,27,181.435889
-102.325336,30,181.462704
-201.800768,51,181.509178
-52.383158,16,181.524177
-272.837084,133,181.643669
-179.263407,79,181.712593
-83.930596,33,181.742988
-36.080005,26,181.766912
-443.44346,149,181.90077
-208.350284,78,183.035044
-25.041687,14,183.047917
-62.439146,22,183.067952
-164.094502,56,183.119853
-100.907694,55,183.17064
-2259.278337,1000,184.08169
-156.878474,94,184.166477
-144.032357,56,184.216131
-119.567412,38,184.25113
-98.644271,44,184.290911
-102.471586,54,184.339941
-32.581856,17,184.355953
-64.908841,24,184.377868
-39.646285,21,184.396617
-131.214939,72,184.46084
-108.666558,58,184.513701
-89.091251,38,184.547853
-25.52532,13,184.560245
-82.667869,23,184.581629
-48.245624,33,184.612102
-99.101335,48,184.655483
-125.855506,59,184.708766
-2415.764352,1000,185.615289
-63.357165,18,185.632379
-120.142964,57,185.684042
-99.153063,32,185.713946
-70.851973,28,185.73936
-30.439789,21,185.757843
-31.11552,13,185.770218
-86.174561,25,185.793359
-166.873654,64,185.851767
-32.666372,14,185.865353
-70.395428,28,185.891006
-35.34896,19,185.90858
-87.419715,39,185.944334
-190.716964,72,186.007986
-32.282439,21,186.027729
-41.80227,22,186.047939
-123.390285,54,186.096972
-242.327104,114,186.198205
-47.954017,25,186.22053
-69.727362,22,186.240897
-144.433778,65,186.300471
-113.603555,65,186.359759
-38.554548,15,186.373909
-29.367917,14,186.38727
-28.201006,14,186.400731
-216.905292,109,186.496555
-99.258672,34,186.528082
-119.395736,62,186.584476
-17.23379,12,186.596307
-78.259584,24,186.618506
-40.584365,19,186.63512
-52.846112,21,186.654055
-17.142684,12,186.665144
-275.322936,90,186.746088
-100.27137,30,186.773633
-118.843644,42,186.811912
-225.187241,94,186.894834
-208.235531,90,186.974972
-418.331976,148,187.106601
-195.404165,77,187.176624
-134.012143,52,187.22454
-64.69979,33,187.254934
-102.982408,33,187.285266
-26.981544,12,187.296623
-223.644809,75,187.362707
-59.038612,32,187.392492
-45.582303,24,187.414771
-225.418366,106,187.510149
-69.303323,20,187.528881
-57.0561,24,187.550218
-2270.962852,1000,188.457651
-37.597398,12,188.469312
-43.876035,18,188.486356
-46.161606,40,188.523184
-50.006562,17,188.538893
-2343.736596,1000,189.450608
-40.309355,23,189.472711
-42.971895,22,189.49308
-40.502918,16,189.507917
-58.830001,19,189.525835
-46.478904,30,189.55345
-81.347606,39,189.58848
-61.268984,27,189.613212
-163.754794,62,189.669146
-75.711327,36,189.70258
-172.435875,84,189.778798
-88.396238,55,189.827554
-100.893135,42,189.865643
-65.291292,27,189.890962
-25.874495,25,189.914322
-28.216782,25,189.937608
-135.182591,59,189.991562
-49.405501,20,190.01032
-46.661773,23,190.031532
-119.925895,45,190.072366
-41.642838,19,190.09033
-27.367401,11,190.101253
-169.926862,87,190.179318
-2242.70123,1000,191.086548
-67.273614,29,191.113788
-268.163454,97,191.198899
-24.316672,22,191.219695
-48.259945,14,191.23285
-38.635663,33,191.263324
-158.308737,62,191.319807
-2296.986907,1000,193.290897
-2228.291189,1000,194.201488
-130.034759,46,194.243663
-23.6549,12,194.254843
-535.776304,243,194.46992
-147.596731,66,194.529274
-216.374792,70,194.591817
-8.101401,26,194.615392
-70.202175,24,194.637794
-72.722443,32,194.667646
-33.114569,10,194.677749
-2200.351528,1000,195.582839
-303.82417,89,195.660856
-267.279795,97,195.748206
-22.113977,12,195.759797
-2397.916261,1000,196.666152
-90.800465,57,196.718471
-96.44273,42,196.755285
-58.217995,28,196.780317
-25.55506,19,196.799172
-43.943264,14,196.812242
-49.336493,18,196.829333
-86.841634,39,196.864897
-28.99398,29,196.891798
-193.25592,68,196.952604
-25.100495,10,196.962341
-69.937001,27,196.986458
-135.216556,43,197.024234
-72.392245,49,197.068992
-180.92398,125,197.182878
-701.169056,315,197.466074
-96.47168,71,197.530685
-161.65688,77,197.600194
-61.366766,30,197.628274
-101.063925,39,197.663591
-115.914579,43,197.702291
-67.26661,26,197.72593
-76.903352,43,197.76484
-99.648962,45,197.805887
-58.507021,22,197.82652
-128.073221,50,197.871375
-61.330054,19,197.888542
-145.659522,63,197.944677
-36.207381,20,197.96375
-130.290464,58,198.015924
-62.693162,40,198.052391
-316.632613,167,198.201213
-105.612308,46,198.242896
-25.174228,10,198.252626
-65.559112,27,198.277797
-25.965809,29,198.304386
-65.331783,32,198.332398
-106.609401,34,198.362329
-50.367897,26,198.386422
-301.872582,160,198.531348
-85.001394,38,198.565475
-168.506454,90,198.645596
-18.038255,10,198.655694
-160.182589,63,198.713205
-63.293758,33,198.744099
-108.104169,44,198.782823
-85.712004,34,198.814404
-32.315292,14,198.828139
-17.968218,13,198.840617
-80.163804,30,198.868259
-1151.085733,489,199.313389
-24.671107,15,199.328042
-171.29452,82,199.402761
-2231.291307,1000,200.315063
-86.771723,40,200.352734
-420.936532,161,200.496245
-52.969051,21,200.516088
-177.448883,73,200.580707
-48.864803,13,200.592761
-42.56115,17,200.608485
-72.105292,28,200.634566
-261.749687,113,200.736481
-77.1224,33,200.76698
-433.925299,153,200.90317
-282.327798,137,201.024989
-29.348121,25,201.046973
-203.563615,115,201.151462
-59.223584,22,201.172481
-56.903788,28,201.19782
-52.18857,15,201.211768
-65.255063,31,201.240142
-270.274181,108,201.336226
-157.215328,93,201.419271
-44.312552,17,201.435575
-39.921535,19,201.453036
-88.289879,43,201.490584
-43.066743,28,201.515775
-68.612397,26,201.539796
-30.761587,16,201.555183
-27.826355,12,201.566574
-26.251824,15,201.580803
-77.278525,42,201.619241
-69.271856,37,201.653264
-43.259255,23,201.674422
-125.594008,65,201.732415
-1963.690001,870,203.593535
-13.798658,18,203.61059
-45.099339,32,203.639359
-135.467419,95,203.725291
-36.334748,27,203.74917
-52.884355,16,203.764321
-218.340955,89,203.845112
-169.94213,63,203.90241
-151.089801,57,203.954339
-32.689915,17,203.970069
-70.689482,41,204.006897
-48.254126,22,204.027237
-88.490283,36,204.059956
-276.471824,102,204.152609
-70.869695,25,204.175673
-110.486941,44,204.214009
-83.408752,41,204.251819
-80.153519,42,204.290125
-40.88436,14,204.303113
-2084.391395,1000,205.210599
-47.562417,23,205.232805
-227.298275,107,205.32812
-235.06757,86,205.403711
-119.663097,50,205.449469
-45.517001,16,205.464966
-19.722595,19,205.483128
-47.278202,14,205.496141
-58.259321,31,205.523923
-49.234865,22,205.544526
-81.09251,25,205.567975
-88.404778,47,205.611027
-27.883497,15,205.625205
-103.102371,60,205.679071
-122.131366,46,205.721354
-21.469161,20,205.73944
-45.411699,17,205.755244
-2134.578812,1000,206.667423
-74.357986,28,206.692585
-56.487507,15,206.706588
-265.125311,112,206.806489
-258.458025,110,206.9034
-259.975522,143,207.033015
-321.521687,203,207.213059
-103.093795,37,207.246781
-58.790858,32,207.276414
-132.500593,55,207.325572
-87.844539,42,207.362535
-91.350804,32,207.39182
-42.621557,21,207.411155
-376.718255,149,207.545819
-41.047666,21,207.564899
-95.895872,24,207.586679
-10.324278,7,207.594083
-219.633084,83,207.668517
-17.483322,22,207.688997
-54.465945,22,207.709413
-305.146578,121,207.814968
-28.9352,13,207.827222
-97.594112,37,207.861175
-22.6626,10,207.870426
-318.806178,125,207.983215
-40.848181,14,207.99626
-111.170318,58,208.047352
-94.428126,37,208.081237
-43.010218,16,208.096617
-68.060245,33,208.127227
-157.846767,62,208.183898
-83.437284,28,208.209944
-173.215145,98,208.296316
-48.215963,29,208.323105
-22.385481,12,208.334741
-2250.299232,1000,209.243427
-15.731549,12,209.255184
-94.047864,39,209.290828
-58.895916,20,209.309453
-48.518196,25,209.332041
-54.462464,18,209.348807
-12.202902,8,209.356914
-78.027238,38,209.390955
-102.563972,37,209.42452
-149.104152,64,209.482723
-2096.113353,1000,210.388201
-62.113243,21,210.40795
-49.737357,23,210.431128
-70.14669,28,210.456266
-77.317972,36,210.488473
-111.276958,56,210.538588
-55.467201,26,210.562754
-64.259435,34,210.594244
-49.617642,31,210.622283
-49.087792,32,210.651144
-200.028307,90,210.732187
-200.890396,81,210.80501
-70.003486,26,210.82935
-145.570873,75,210.898217
-124.184803,63,210.953903
-101.432066,40,210.990444
-77.04219,42,211.028856
-28.392596,13,211.04087
-30.713591,17,211.056557
-172.821257,91,211.138719
-32.856968,21,211.157717
-22.764691,12,211.169503
-20.216128,13,211.181436
-148.412598,78,211.251232
-2221.082235,1000,212.159644
-84.417925,30,212.187309
-2146.189719,1000,214.161051
-154.295661,61,214.216859
-102.066591,34,214.247936
-57.636775,21,214.266602
-121.771235,65,214.324871
-99.868221,43,214.363698
-71.966682,49,214.408482
-2177.805209,1000,215.327975
-223.332264,139,215.451263
-83.285678,28,215.476939
-84.773115,45,215.518759
-42.834135,33,215.548548
-76.625897,35,215.580339
-38.906019,24,215.602348
-81.552596,38,215.637005
-20.824003,17,215.653248
-168.021112,82,215.725508
-264.381099,109,215.822678
-31.483071,15,215.83687
-141.03985,63,215.890739
-62.859156,19,215.908151
-67.809874,23,215.929243
-248.026005,110,216.034758
-50.793297,25,216.05911
-177.364183,78,216.134732
-60.880467,29,216.164577
-57.916259,36,216.199586
-47.52746,14,216.213237
-105.874176,55,216.263255
-81.032612,45,216.305089
-173.247392,83,216.378899
-46.780699,22,216.399483
-57.807655,28,216.425225
-326.240552,114,216.529826
-82.144866,32,216.558974
-124.282538,50,216.603868
-27.533813,13,216.616579
-90.724112,29,216.64327
-118.746656,38,216.677962
-67.81204,28,216.704245
-312.37078,141,216.831105
-123.869544,47,216.874325
-2055.617232,897,217.701289
-318.146524,125,217.813702
-25.266014,15,217.82815
-121.693822,43,217.867863
-156.28353,83,217.947642
-20.434634,15,217.963441
-132.727209,51,218.014073
-93.269446,47,218.056818
-46.897561,15,218.071131
-76.844455,33,218.10179
-110.890414,56,218.152146
-25.738478,14,218.164599
-46.395617,23,218.18585
-54.765429,25,218.209507
-111.776804,44,218.250863
-126.471695,85,218.330317
-68.679563,30,218.358298
-32.948726,11,218.368843
-96.331459,38,218.403231
-55.165582,32,218.432656
-208.106404,86,218.51044
-55.72252,19,218.528762
-51.511943,45,218.570688
-21.361615,16,218.585309
-108.954444,50,218.629558
-43.850142,26,218.654378
-105.873902,63,218.712308
-2193.628055,1000,219.641653
-91.079839,45,219.683749
-108.197888,66,219.744399
-53.004808,35,219.775973
-2154.331967,1000,220.703617
-36.961408,11,220.714429
-27.175181,11,220.72484
-18.969864,16,220.740359
-58.786048,23,220.761486
-32.376513,12,220.773239
-2214.916536,1000,221.696517
-162.936222,57,221.747526
-83.351989,45,221.786864
-123.581909,44,221.82664
-22.912636,19,221.844288
-123.568466,68,221.905231
-55.135827,50,221.951051
-29.708396,19,221.968398
-2161.351633,1000,223.932451
-91.709691,36,223.965556
-67.161561,28,223.99108
-143.244796,74,224.055768
-167.603205,89,224.135675
-238.431192,114,224.237917
-14.366648,11,224.248538
-20.474824,14,224.261741
-51.059129,20,224.279852
-75.560133,29,224.305782
-39.367986,19,224.323431
-16.423891,13,224.335949
-196.289003,62,224.3914
-77.630565,28,224.417079
-73.094471,31,224.444884
-14.736995,22,224.46475
-279.231298,102,224.556579
-43.731455,14,224.570072
-170.691032,85,224.646858
-57.76751,25,224.66982
-121.508008,31,224.697593
-28.754736,16,224.712268
-127.2216,76,224.779889
-136.519471,81,224.852492
-49.538798,29,224.879196
-95.12167,48,224.920712
-79.804748,26,224.944536
-58.687717,35,224.976778
-154.222172,59,225.03062
-202.300651,91,225.113453
-245.402645,106,225.206577
-99.299034,40,225.242598
-57.338814,24,225.26415
-59.85152,19,225.281977
-37.418533,29,225.3086
-67.90321,31,225.336431
-111.69915,50,225.379691
-172.648572,73,225.445187
-125.807223,50,225.491567
-161.212941,71,225.556353
-39.881313,17,225.572026
-52.22981,32,225.600845
-59.967948,40,225.640181
-68.810736,42,225.678067
-59.313961,35,225.709392
-46.502239,27,225.734256
-31.651937,23,225.755065
-103.282785,72,225.817014
-91.438871,50,225.861491
-71.992336,50,225.907277
-252.986416,110,226.006454
-155.627567,56,226.056433
-50.426219,22,226.075943
-54.16579,28,226.101463
-82.716798,45,226.141877
-66.136706,35,226.173787
-48.704623,20,226.192617
-26.650858,14,226.205935
-82.448401,53,226.252054
-25.348694,18,226.268205
-100.074536,47,226.310147
-133.265101,94,226.395631
-114.481664,72,226.46057
-79.983431,35,226.495944
-25.380175,18,226.516621
-59.688512,31,226.550444
-178.786235,60,226.61563
-109.734033,53,226.675678
-198.239257,81,226.762181
-74.055955,35,226.801578
-74.938803,37,226.843478
-37.659261,17,226.863346
-152.251939,94,226.966078
-2147.243612,1000,228.082927
-79.90256,45,228.133251
-131.060293,64,228.204047
-66.126252,45,228.253616
-61.450712,31,228.2872
-83.19303,42,228.332469
-75.758981,28,228.36412
-27.380252,20,228.38729
-147.577754,59,228.453743
-1078.660721,538,229.053761
-235.877493,70,229.130852
-76.610478,27,229.161124
-59.821693,25,229.189586
-95.135922,39,229.231922
-47.436303,23,229.257532
-168.035006,62,229.325129
-193.437205,89,229.41972
-32.979031,11,229.432636
-98.522748,27,229.462994
-42.493375,22,229.488066
-37.198635,17,229.507466
-16.763641,14,229.523857
-292.093225,129,229.665605
-44.842994,19,229.687273
-48.882834,21,229.710782
-127.49754,86,229.804997
-76.771004,28,229.835266
-96.53015,40,229.877992
-41.600311,14,229.894324
-37.342567,16,229.912761
-131.821371,58,229.97716
-54.190842,22,230.001975
-75.854444,35,230.041232
-36.251873,21,230.065223
-56.338202,46,230.115518
-280.328768,109,230.234588
-67.304984,31,230.269703
-110.919863,39,230.310963
-66.662293,31,230.345269
-72.941361,33,230.383802
-116.227684,72,230.46401
-118.085779,50,230.520209
-128.393122,58,230.583084
-127.259413,38,230.62447
-84.927231,33,230.660786
-95.733645,58,230.72482
-93.137414,47,230.775445
-41.886799,18,230.795965
-191.593937,95,230.90151
-35.32759,17,230.920891
-42.490863,14,230.936374
-98.406506,47,230.987953
-272.540948,115,231.112955
-123.692356,38,231.155502
-132.120795,56,231.215628
-85.738599,30,231.249152
-2068.428158,1000,232.363486
-149.347978,49,232.417579
-91.718458,59,232.484684
-2181.232707,1000,233.41134
-2233.893172,1000,235.356644
-169.566093,74,235.4246
-139.416516,37,235.457694
-84.301547,49,235.503052
-120.723314,64,235.56024
-98.937353,52,235.607159
-118.209579,42,235.645217
-61.052191,31,235.672631
-176.416581,79,235.742811
-57.460252,26,235.767512
-71.561617,24,235.789712
-148.156069,50,235.834966
-234.200593,103,235.936331
-58.295499,45,235.976353
-2136.969002,1000,236.883575
-163.881929,77,236.952575
-328.567449,142,237.077235
-2058.076923,1000,237.983292
-90.311252,34,238.014623
-152.50079,63,238.072265
-95.162207,48,238.115506
-87.565558,29,238.141588
-333.402984,161,238.283575
-124.773816,51,238.329391
-38.013184,19,238.347183
-36.260499,18,238.363795
-36.202597,24,238.384964
-165.405997,78,238.454002
-115.560311,52,238.501596
-229.139903,100,238.592109
-2205.539442,1000,239.498531
-83.096983,26,239.522377
-70.574033,27,239.546933
-112.12819,50,239.591719
-43.608826,27,239.616449
-76.337747,28,239.642041
-131.867099,37,239.675663
-92.035993,37,239.709691
-130.706512,54,239.756659
-177.033358,72,239.822838
-57.65082,31,239.851677
-19.163586,18,239.868005
-195.913597,82,239.941363
-193.467516,102,240.03201
-64.197314,21,240.052007
-208.758733,79,240.123166
-77.826821,28,240.149132
-5.030516,8,240.156855
-442.008759,180,240.317845
-63.38797,38,240.352706
-24.329606,7,240.359792
-50.518579,16,240.374691
-80.076192,46,240.415735
-121.94018,46,240.457646
-81.156029,46,240.498871
-109.891981,54,240.547063
-189.991687,88,240.625715
-128.980731,60,240.679193
-135.21386,80,240.751363
-200.238325,104,240.845515
-2101.222682,1000,241.749648
-2182.012509,1000,242.657094
-35.52238,15,242.671928
-69.593875,43,242.711031
-25.266533,20,242.729881
-218.728937,114,242.832387
-28.9323,26,242.856078
-42.550557,26,242.879138
-223.806811,83,242.953847
-2148.252242,1000,243.863033
-166.991652,56,243.913633
-28.916136,11,243.924172
-45.391515,22,243.944402
-436.051645,206,245.202923
-13.773384,12,245.215039
-18.284157,16,245.229882
-107.214676,47,245.272297
-42.468361,17,245.287858
-11.948918,27,245.311672
-115.470952,35,245.343257
-57.12437,35,245.374914
-231.575521,92,245.456292
-66.711722,34,245.487491
-30.104469,19,245.505081
-57.492299,31,245.533486
-293.297123,105,245.626117
-69.391944,36,245.65981
-102.913659,34,245.690603
-21.940846,17,245.706079
-125.455774,52,245.752658
-70.669593,30,245.780567
-70.115833,36,245.813429
-111.638418,34,245.84504
-127.216055,43,245.884764
-95.625246,54,245.934299
-34.612749,18,245.951574
-2082.71902,1000,246.87084
-245.401294,109,246.967923
-68.974255,36,247.001536
-71.834787,31,247.030805
-131.986209,64,247.089133
-45.902047,19,247.10724
-94.302978,43,247.146143
-90.481516,32,247.175347
-59.150127,27,247.199966
-57.782278,33,247.229994
-46.241825,38,247.264362
-67.517725,41,247.302494
-64.713408,38,247.337741
-115.491623,45,247.376932
-29.741129,12,247.387882
-97.237569,43,247.427824
-47.279917,27,247.453558
-79.373189,45,247.49486
-96.316304,49,247.540003
-69.352211,22,247.560458
-24.88548,10,247.570406
-30.146365,12,247.581525
-39.827491,17,247.597524
-100.077936,35,247.629601
-30.902312,12,247.641248
-75.910335,51,247.687555
-52.588671,23,247.709342
-23.906097,11,247.720073
-75.632253,32,247.750149
-94.454479,63,247.807879
-57.337916,24,247.829207
-41.6432,23,247.850719
-81.665965,33,247.881149
-62.332898,27,247.906587
-1467.861967,669,248.520349
-49.341752,25,248.543579
-266.73658,126,248.657158
-17.972478,30,248.684698
-17.301752,19,248.702425
-235.513678,110,248.801578
-135.261739,63,248.860572
-2106.664583,1000,249.780041
-113.889525,49,249.825626
-145.434175,69,249.887137
-246.405501,111,249.98677
-200.137625,123,250.095354
-81.861077,36,250.128145
-30.442739,17,250.143986
-2162.170548,1000,251.050532
-120.728278,42,251.088742
-2177.601705,1000,251.991732
-147.315858,83,252.067442
-97.578901,63,252.123408
-25.433969,11,252.133995
-78.499108,36,252.166411
-160.704244,72,252.23115
-117.424454,43,252.270858
-206.110184,69,252.331627
-84.95345,33,252.361937
-123.717189,70,252.425381
-63.282015,38,252.460562
-124.132699,68,252.521358
-80.433342,32,252.550183
-64.706588,32,252.579097
-54.380075,35,252.610494
-69.925642,41,252.647717
-57.333233,24,252.669918
-49.696107,20,252.688249
-254.108875,121,252.7944
-64.802146,31,252.822608
-41.233465,32,252.85242
-142.813138,55,252.902392
-21.598478,22,252.922813
-11.098367,10,252.931879
-31.425991,13,252.944112
-272.510898,128,253.056809
-132.331891,45,253.09736
-148.017794,52,253.144667
-26.356436,12,253.156275
-104.361765,45,253.196837
-53.471265,17,253.211959
-51.079757,34,253.241933
-123.078802,75,253.310289
-129.719975,69,253.374043
-36.932249,17,253.38951
-95.598773,44,253.429511
-48.420281,19,253.447125
-107.352767,63,253.505419
-34.108122,16,253.520761
-50.532862,46,253.562719
-39.727605,15,253.577395
-72.856486,25,253.600723
-306.845274,146,253.728452
-35.376729,15,253.743036
-72.343188,32,253.77271
-45.685333,31,253.800839
-153.656847,71,253.86587
-573.099254,246,254.082575
-29.751941,15,254.096414
-38.53031,24,254.117488
-76.377031,49,255.222403
-38.380183,16,255.237251
-63.523697,31,255.265272
-135.31359,58,255.316974
-32.028233,18,255.333544
-132.740605,46,255.375268
-109.173687,74,255.441371
-46.906309,21,255.460516
-93.827787,47,255.502799
-65.70868,25,255.526314
-407.139136,187,255.695584
-160.684731,71,255.759691
-33.309017,11,255.770275
-159.846435,80,255.841674
-62.233088,22,255.862457
-114.352286,64,255.9176
-24.593815,31,255.946151
-54.649355,22,255.966755
-285.406248,147,256.099121
-187.314568,82,256.172521
-41.813953,13,256.184669
-2052.424068,1000,257.094543
-43.180706,28,257.120709
-158.887034,80,257.193903
-216.922619,116,257.296425
-36.367171,23,257.317841
-77.22764,31,257.346535
-136.097125,72,257.411691
-83.941547,30,257.439188
-2140.236921,1000,258.345546
-17.482275,11,258.356312
-21.066156,10,258.36572
-275.578725,139,258.489414
-56.105431,24,258.51128
-46.660747,20,258.530086
-2204.999422,1000,259.438385
-27.444723,23,259.459232
-36.654517,28,259.484785
-92.174079,44,259.522774
-32.29389,13,259.535115
-13.600102,15,259.549613
-18.630734,15,259.563733
-140.349547,68,259.625926
-24.064474,28,259.651382
-167.562999,62,259.706712
-63.280059,50,259.750957
-81.700632,45,259.791429
-64.377442,25,259.814533
-37.179047,17,259.830468
-18.862384,17,259.846298
-53.897085,28,259.872506
-105.047122,39,259.908041
-33.187362,31,259.935175
-76.680776,36,259.966449
-48.179642,17,259.982451
-17.40107,14,259.995767
-84.379082,55,260.046078
-150.025888,55,260.095633
-44.876118,16,260.11076
-22.496367,14,260.123805
-5.522562,25,260.147572
-167.017688,67,260.206937
-221.389202,142,260.333127
-180.100063,57,260.385152
-2111.337345,1000,261.292926
-18.799558,11,261.303284
-47.567754,25,261.326373
-213.417677,93,261.410506
-133.717993,53,261.45921
-14.298315,13,261.471386
-43.498526,20,261.489871
-70.542141,29,261.51648
-89.618771,50,261.562227
-130.597449,78,261.63274
-38.108492,20,261.651554
-108.407429,52,261.698728
-69.563416,29,261.724526
-165.623463,82,261.79705
-85.55081,38,261.832103
-86.861995,40,261.869074
-21.237658,11,261.87953
-59.845097,48,261.923203
-23.079593,18,261.939954
-133.68405,86,262.014832
-2021.204949,1000,262.920455
-69.100673,45,262.961098
-78.836427,52,263.008244
-95.60764,43,263.048214
-34.926182,17,263.064334
-33.657085,14,263.076916
-18.474141,9,263.085446
-105.030515,54,263.133573
-59.354449,27,263.158402
-113.241318,39,263.194018
-1969.412677,1000,264.103487
-76.298921,30,264.131219
-41.110118,33,264.161597
-2061.920412,1000,266.125661
-111.668819,65,266.184415
-24.199825,20,266.202898
-54.372455,24,266.224829
-49.430995,32,266.252637
-2120.038472,1000,267.163812
-27.632929,12,267.175271
-52.690004,18,267.192403
-76.083683,39,267.227948
-270.221305,126,267.340084
-79.120647,36,267.372518
-43.626619,20,267.390667
-43.78755,20,267.409427
-108.042017,50,267.454838
-58.61397,31,267.483489
-65.513907,43,267.522253
-25.859627,18,267.53975
-128.983472,52,267.585174
-47.645376,24,267.607404
-27.560999,42,267.645063
-2029.775753,1000,268.758116
-112.057154,59,268.823013
-250.760127,100,268.931728
-69.590259,39,268.975974
-35.22111,26,269.005587
-72.541657,48,269.058933
-28.681827,7,269.067262
-28.964908,14,269.082654
-274.719686,143,269.228203
-241.93887,116,269.332274
-39.584189,24,269.353583
-101.244934,34,269.383055
-219.706556,109,269.481853
-44.780088,23,269.50349
-93.405184,44,269.543701
-16.831511,10,269.553274
-51.097757,25,269.576057
-90.102027,38,269.610277
-175.682911,73,269.675237
-47.410149,23,269.696152
-115.591058,46,269.738367
-15.457996,18,269.755458
-83.195418,24,269.77732
-481.846894,192,269.946532
-25.356377,12,269.958062
-111.634329,42,269.996458
-2099.470114,1000,270.903328
-48.291466,22,270.924048
-199.525649,85,270.999556
-117.60402,69,271.06075
-26.765107,13,271.073526
-142.769954,38,271.108402
-68.857379,44,271.148123
-220.487401,131,271.264049
-199.474896,92,271.347599
-47.4323,21,271.367232
-156.356187,46,271.408082
-60.471674,36,271.440885
-70.626458,46,271.483121
-33.831667,16,271.498207
-30.279983,33,271.528377
-39.65751,18,271.545349
-15.974811,14,271.55847
-307.472532,151,271.690909
-73.746152,47,271.734454
-1451.642237,683,272.352623
-206.088955,108,272.449582
-154.808451,71,272.512668
-109.998184,50,272.556971
-62.917752,36,272.590562
-34.530507,21,272.610137
-163.387633,77,272.679502
-31.507178,14,272.692486
-45.478797,20,272.71071
-48.126828,25,272.733802
-166.230002,54,272.782315
-192.689737,105,272.875453
-40.471146,16,272.89075
-129.341582,57,272.941418
-2005.850133,1000,273.848905
-115.412406,64,273.905898
-64.953578,22,273.926821
-55.748963,20,273.945219
-45.16829,15,273.959298
-24.894114,17,273.975417
-36.960346,11,273.985866
-129.035719,73,274.052133
-314.488063,170,274.2041
-63.637082,17,274.220191
-2098.054843,1000,276.224041
-117.573096,56,276.274752
-50.107255,22,276.29519
-68.055902,32,276.324384
-50.582226,19,276.341889
-47.239813,29,276.36877
-136.950327,55,276.418126
-21.787351,17,276.434054
-29.781357,15,276.448019
-77.300991,42,276.487048
-2020.003105,1000,277.425062
-84.275351,43,277.464151
-95.636051,47,277.507832
-229.808622,111,277.608349
-26.359144,17,277.624276
-1999.644077,1000,278.520315
-90.690583,41,278.557274
-290.723992,126,278.668354
-63.20694,26,278.69242
-16.649629,20,278.710999
-30.733461,14,278.724306
-132.392129,64,278.780932
-13.721906,17,278.797601
-94.201421,48,278.840499
-235.833173,146,278.972379
-66.238281,28,278.99873
-209.698749,88,279.082318
-79.215224,35,279.115825
-81.554139,48,279.159432
-173.826967,100,279.247611
-39.675655,24,279.270341
-376.488327,195,279.448351
-2065.326478,1000,280.368677
-79.109046,30,280.396128
-39.397236,17,280.411809
-32.740648,25,280.434768
-78.735668,31,280.463275
-189.687224,74,280.530877
-44.559695,23,280.551784
-114.91427,64,280.60818
-123.008526,45,280.649684
-31.514091,24,280.672595
-73.380785,40,280.709682
-63.149855,41,280.74834
-188.632248,67,280.809448
-60.287157,45,280.850215
-86.980395,48,280.89348
-301.43637,146,281.023524
-122.988278,58,281.07592
-54.184102,33,281.107155
-1977.336895,1000,282.025395
-67.67708,41,282.06387
-110.103301,67,282.125095
-131.66907,61,282.179511
-184.974535,116,282.284756
-7.138637,8,282.292845
-1269.86609,582,282.826468
-87.473892,51,282.872256
-225.347794,135,282.992624
-164.252203,81,283.064167
-145.924082,64,283.121125
-149.501423,77,283.190095
-90.890759,43,283.229507
-2014.418053,1000,284.132212
-30.502084,16,284.147272
-26.890572,22,284.166417
-51.614367,25,284.188257
-33.481348,34,284.21959
-65.013684,37,284.25354
-104.453204,53,284.301008
-48.084261,32,284.330789
-189.409293,85,284.406709
-48.906892,37,284.439581
-56.62545,28,284.464779
-159.153256,72,284.529772
-109.140379,45,284.571326
-61.734004,18,284.588215
-43.579108,29,284.613379
-150.518963,62,284.66775
-65.237436,30,284.69611
-178.838246,65,284.754439
-60.583813,27,284.77896
-37.614549,28,284.804817
-90.462678,40,284.840712
-20.493178,16,284.855678
-82.580632,25,284.878321
-71.504371,28,285.960302
-135.784424,76,286.027792
-68.956247,42,286.066445
-210.240445,118,286.172577
-51.725251,36,286.205151
-255.791638,115,286.306838
-50.697,44,286.346675
-68.491608,23,286.368501
-37.704054,19,286.385625
-15.048822,13,286.397504
-77.632891,65,286.454735
-49.215506,20,286.473552
-71.439984,24,286.496058
-47.546976,43,286.534556
-71.568718,32,286.563849
-170.73796,89,286.642362
-67.288731,30,286.668927
-36.349243,18,286.685428
-93.644171,55,286.735283
-113.823719,76,286.80329
-44.453888,18,286.820168
-40.250815,19,286.836961
-164.535204,82,286.9085
-82.232367,51,286.955458
-66.7361,38,286.990229
-61.893327,31,287.018622
-38.231981,30,287.046575
-165.802501,78,287.11572
-2012.470046,1000,288.021084
-184.024957,84,288.094634
-182.007815,70,288.157878
-31.274856,14,288.171281
-111.315235,65,288.227227
-196.979907,117,288.333056
-21.539428,16,288.348342
-43.996566,15,288.362743
-184.490531,94,288.445321
-11.042414,13,288.457545
-108.750973,49,288.502284
-32.689324,17,288.518369
-106.795712,52,288.564816
-113.06643,42,288.603763
-47.5385,25,288.625494
-11.420288,14,288.638675
-266.200341,109,288.735367
-186.092205,113,288.837219
-94.641288,36,288.87021
-145.44545,67,288.929139
-48.270041,29,288.955317
-50.150819,18,288.972154
-94.210909,44,289.011119
-385.877209,195,289.184648
-84.468904,33,289.214619
-111.824777,62,289.271068
-185.372544,69,289.33231
-13.541163,11,289.343246
-76.337378,26,289.366873
-20.516696,13,289.379589
-23.984335,17,289.395303
-37.544318,18,289.412318
-50.021268,29,289.438731
-195.25522,79,289.509915
-67.945615,21,289.528826
-1120.653899,548,290.026745
-84.597986,42,290.065464
-46.503707,30,290.092013
-27.291237,17,290.107894
-99.4853,65,290.166352
-134.333734,43,290.20486
-49.831714,25,290.227239
-49.744059,26,290.250838
-157.345391,74,290.316716
-101.060482,51,290.36324
-67.765452,43,290.403103
-28.494672,13,290.414973
-75.649513,59,290.46589
-34.141207,12,290.477633
-123.901981,58,290.529826
-79.082494,22,290.550487
-72.92943,28,290.576318
-72.595524,46,290.618423
-32.095313,21,290.637898
-236.370369,109,290.733577
-28.590791,13,290.746004
-78.154185,28,290.771603
-24.380828,11,290.782488
-64.423137,25,290.805332
-62.603065,40,290.842284
-152.239365,80,290.912775
-20.013846,16,290.927927
-166.768933,84,291.003279
-77.184756,48,291.047035
-181.407647,66,291.106746
-26.477794,21,291.126042
-95.291317,50,291.1703
-46.305052,62,291.226114
-24.303741,11,291.236952
-71.43107,49,291.28098
-37.058973,20,291.299857
-45.330037,18,291.316291
-55.793396,30,291.342688
-191.155707,74,291.408185
-73.0324,44,291.448533
-148.174598,69,291.511633
-94.864757,53,291.560246
-56.894024,30,291.587455
-3.331936,20,291.60573
-26.304822,24,291.628586
-37.212184,21,291.647571
-162.176542,69,291.70888
-195.019381,94,291.792319
-49.339501,26,291.815766
-106.288132,46,291.857879
-47.504468,18,291.875072
-48.869156,18,291.891901
-11.759512,20,291.910336
-44.71267,23,291.931055
-27.904606,15,291.945014
-95.237899,44,291.985002
-56.098752,22,292.005513
-122.958942,90,292.084979
-1922.395169,1000,292.997273
-90.254058,43,293.036564
-162.261728,84,293.112435
-17.112282,27,293.136685
-39.798038,19,293.153514
-101.641905,38,293.188503
-63.724876,48,293.232328
-245.205111,98,293.320765
-143.263,65,293.379009
-297.503918,127,293.491112
-20.217954,17,293.507274
-48.47478,30,293.535108
-20.154139,10,293.544448
-251.908732,106,293.637809
-63.497872,35,293.670342
-40.93323,31,293.698685
-63.436761,44,293.738277
-40.166032,37,293.772228
-48.060541,18,293.789211
-83.081154,39,293.825109
-143.919103,92,293.907656
-45.34977,23,293.929014
-83.82178,44,293.969556
-32.307866,25,293.992828
-2022.876998,1000,294.897442
-31.531578,11,294.907731
-211.35702,105,296.05825
-1916.377231,1000,296.963113
-69.324842,43,297.001898
-122.173403,57,297.052967
-67.98257,23,297.07444
-24.050716,18,297.092099
-276.97526,132,297.208216
-59.70162,27,297.233359
-98.965549,59,297.286755
-1983.579502,1000,298.193219
-205.539752,93,298.276895
-70.382564,34,298.307306
-30.172168,17,298.322861
-26.632155,9,298.331929
-107.404026,59,298.38451
-26.235926,13,298.397268
-32.118839,20,298.415758
-236.912481,134,298.533781
-40.807833,16,298.548975
-213.741174,88,298.628263
-192.218055,99,298.716897
-48.808896,38,298.750563
-257.134834,108,298.846789
-23.591206,24,298.868513
-2023.511303,1000,299.772972
-1976.659487,1000,300.677264
-57.927965,23,300.698827
-16.664232,15,300.71285
-87.850238,53,300.758658
-47.75846,31,300.786807
-70.036467,48,300.830406
-28.998909,21,300.850252
-14.71892,10,300.859806
-59.277349,23,300.880638
-183.53223,58,300.932837
-62.121183,51,300.978197
-85.189671,55,301.027156
-88.875205,43,301.066231
-87.855533,20,301.084447
-79.568933,45,301.125018
-118.649572,49,301.169173
-46.100656,24,301.190671
-22.26867,10,301.199828
-41.696651,22,301.219369
-33.261238,12,301.230757
-1909.976481,1000,302.131519
-126.919705,83,302.206747
-49.431051,28,302.233347
-212.364188,114,302.335078
-31.380383,20,302.353503
-31.875444,12,302.365092
-92.193559,46,302.406294
-27.969608,26,302.430387
-149.517358,71,302.494223
-140.100414,85,302.568538
-238.470491,120,302.677053
-90.260644,31,302.705778
-65.981451,37,302.739265
-65.850606,40,302.775124
-31.592218,14,302.788507
-33.865277,15,302.80274
-273.587402,154,302.939501
-36.211852,18,302.956389
-24.89675,15,302.969817
-32.897677,13,302.981984
-59.439885,24,303.003353
-132.237746,67,303.063517
-1978.338698,1000,303.968155
-53.538649,32,303.997195
-20.330279,24,304.018979
-55.381481,32,304.048206
-92.654963,52,304.09524
-62.126384,38,304.129192
-16.887248,12,304.141568
-29.341572,14,304.154413
-50.599056,14,304.167561
-56.985426,20,304.186219
-74.104857,35,304.217739
-25.696446,19,304.235511
-39.631496,15,304.249579
-36.560718,15,304.263732
-90.941309,43,304.303348
-156.80955,80,304.372747
-39.84687,20,304.391327
-68.554897,33,304.421447
-34.868255,12,304.432949
-2026.043041,1000,306.387886
-74.297995,38,306.421477
-21.671023,13,306.434075
-130.549103,65,306.492582
-11.960379,13,306.504996
-268.903502,132,306.620121
-37.619771,32,306.649603
-38.601869,18,306.66641
-71.256809,45,306.707005
-112.315683,52,306.753985
-95.123806,49,306.799003
-62.252502,26,306.823319
-1936.44778,1000,307.725605
-30.039805,40,307.761085
-103.916805,50,307.805867
-110.023125,68,307.866741
-131.716026,72,307.93
-31.239428,14,307.942564
-142.365722,85,308.019191
-130.137372,54,308.069573
-41.172082,30,308.096904
-76.182039,28,308.122138
-39.785615,15,308.13634
-100.035652,41,308.172595
-29.680066,13,308.185118
-66.426528,29,308.211371
-187.921279,75,308.27805
-35.960753,12,308.289869
-58.864828,24,308.311146
-107.654528,41,308.348173
-284.099027,119,308.452372
-23.748644,13,308.465198
-168.604834,85,308.542877
-15.024425,12,308.554079
-83.686925,62,308.609236
-66.50812,31,308.636943
-358.346177,184,308.801095
-1983.56106,1000,309.702642
-685.799825,374,310.038409
-77.238055,33,310.068377
-90.577719,49,310.113486
-93.550248,45,310.153682
-137.70408,64,310.209544
-241.059888,88,310.289065
-48.909434,39,310.324792
-62.05309,28,310.350497
-40.525823,36,310.383526
-131.591731,75,310.449257
-61.90801,30,310.475821
-22.323535,30,310.503323
-79.69806,48,310.547221
-166.993922,122,310.653906
-129.531748,70,310.717271
-97.596903,34,310.747644
-46.505873,41,310.785261
-2001.94441,1000,311.690501
-64.142475,29,311.718128
-88.907539,49,311.761666
-139.343428,60,311.815882
-1887.950774,1000,312.718939
-1982.470201,1000,313.620632
-138.46649,66,313.679509
-22.886173,19,313.697295
-18.517269,13,313.709364
-50.841537,19,313.72696
-72.815331,27,313.750676
-86.656346,57,313.800048
-26.051089,14,313.813534
-26.539837,28,313.839454
-49.695318,21,313.858957
-20.451333,11,313.869287
-126.022933,77,313.937995
-31.832843,31,313.966383
-57.818905,46,314.006788
-34.522241,18,314.023106
-195.704771,72,314.087484
-23.83925,12,314.099012
-60.404321,32,314.128581
-78.949579,44,314.169427
-76.442302,26,314.192088
-1988.933305,1000,315.095472
-138.404407,74,316.22672
-195.60758,90,316.306665
-30.939777,13,316.319528
-52.604221,30,316.346183
-896.595562,442,316.740157
-120.310241,82,316.812517
-63.864324,40,316.848977
-90.521884,57,316.899399
-48.950621,24,316.920533
-255.198452,112,317.021379
-40.614881,27,317.046724
-63.098944,32,317.076158
-16.745746,61,317.130652
-44.208097,19,317.148176
-60.504985,48,317.190743
-128.069004,54,317.239307
-234.227988,124,317.348772
-111.498794,58,317.399863
-79.713869,44,317.439655
-86.257232,50,317.485251
-62.392001,23,317.506859
-1868.685952,1000,318.405394
-47.999499,36,318.438178
-121.858192,53,318.485547
-153.558692,73,318.551076
-34.980048,20,318.569746
-150.278042,49,318.613498
-62.288045,17,318.62961
-189.983165,91,318.709789
-111.11296,59,318.76354
-234.807936,78,318.834254
-24.499139,15,318.848243
-55.400252,19,318.866131
-247.982449,102,318.95523
-145.954393,68,319.016273
-58.886071,22,319.036607
-47.455517,23,319.057938
-54.788366,50,319.103485
-23.033633,17,319.118932
-36.904572,20,319.136994
-62.266171,25,319.158513
-33.237357,15,319.17236
-92.395144,51,319.218323
-33.234038,21,319.237874
-26.285741,21,319.257713
-1938.389633,1000,320.156476
-66.13142,52,320.204076
-145.611925,58,320.25637
-321.042867,180,320.414716
-99.270473,70,320.477214
-88.304744,55,320.526311
-28.339852,16,320.541698
-125.411688,93,320.624721
-178.671821,92,320.706117
-60.169144,31,320.733629
-98.294314,52,320.78007
-26.204391,19,320.797786
-64.006106,31,320.826286
-56.185381,25,320.849424
-33.809061,27,320.874144
-1903.468058,1000,321.773491
-62.449847,28,321.799354
-128.776252,66,321.855539
-36.267829,13,321.868012
-98.410586,75,321.935874
-36.0666,13,321.948603
-73.341341,42,321.986806
-36.588526,14,321.999916
-209.854888,108,322.095727
-71.350021,33,322.12615
-235.119366,90,322.206616
-25.913313,14,322.220126
-43.95206,26,322.243988
-32.086909,20,322.262256
-29.855371,23,322.282335
-78.374256,34,322.312459
-30.095985,18,322.329287
-297.530002,138,322.452643
-85.774213,58,322.504946
-87.699718,52,322.552105
-166.667487,76,322.620206
-104.431729,46,322.661582
-116.344829,46,322.703317
-100.164732,54,322.749282
-87.194447,41,322.78686
-42.959211,23,322.808666
-125.260938,47,322.850676
